Name;Class;Family
AGL3;MADS box factors;Type II
AG;MADS box factors;Type II
HAT5;Homeo domain factors;HD-ZIP
Dof2;Other C4 zinc finger-type factors;DOF
Dof3;Other C4 zinc finger-type factors;DOF
Gam1;Tryptophan cluster factors;MYB
MNB1A;Other C4 zinc finger-type factors;DOF
myb.Ph3;Tryptophan cluster factors;MYB
PBF;Other C4 zinc finger-type factors;DOF
squamosa;MADS box factors;Type II
bZIP910;Basic leucine zipper factors (bZIP);Group S
bZIP911;Basic leucine zipper factors (bZIP);Group S
ATHB-5;Homeo domain factors;HD-ZIP
ARR10;Tryptophan cluster factors;GARP_ARR-B
abi4;AP2/EREBP;ERF/DREB
EmBP-1;Basic leucine zipper factors (bZIP);Group G
TGA1A;Basic leucine zipper factors (bZIP);Group D
AGL15;MADS box factors;Type II
BZR2;Basic helix-loop-helix factors (bHLH);BES/BZR
BZR1;Basic helix-loop-helix factors (bHLH);BES/BZR
HY5;Basic leucine zipper factors (bZIP);Group H
PIF1;Basic helix-loop-helix factors (bHLH);bHLH
SOC1;MADS box factors;Type II
SVP;MADS box factors;Type II
AP3;MADS box factors;Type II
FHY3;GCM domain factors;FRS/FRF
FLC;MADS box factors;Type II
PI;MADS box factors;Type II
PIF3;Basic helix-loop-helix factors (bHLH);bHLH
PIF4;Basic helix-loop-helix factors (bHLH);bHLH
PIF5;Basic helix-loop-helix factors (bHLH);bHLH
SEP3;MADS box factors;Type II
ABI3;B3;LAV
FUS3;B3;LAV
MYC2;Basic helix-loop-helix factors (bHLH);bHLH
ERF1B;AP2/EREBP;ERF/DREB
MYC3;Basic helix-loop-helix factors (bHLH);bHLH
MYC4;Basic helix-loop-helix factors (bHLH);bHLH
ABF1;Basic leucine zipper factors (bZIP);Group A
ANT;AP2/EREBP;AP2
ATHB-9;Homeo domain factors;HD-ZIP
MYB15;Tryptophan cluster factors;MYB
MYB77;Tryptophan cluster factors;MYB
RAX3;Tryptophan cluster factors;MYB
SPL3;C3H(C),C2HC zinc-fingers like factors;SBP
SPL8;C3H(C),C2HC zinc-fingers like factors;SBP
CDC5;Tryptophan cluster factors;MYB-related
DYT1;Basic helix-loop-helix factors (bHLH);bHLH
LEC2;B3;LAV
RAV1;B3;RAV
SEP1;MADS box factors;Type II
AGL1;MADS box factors;Type II
SPL14;C3H(C),C2HC zinc-fingers like factors;SBP
TGA1;Basic leucine zipper factors (bZIP);Group D
WRKY1;GCM domain factors;WRKY
ABF3;Basic leucine zipper factors (bZIP);Group A
ABI5;Basic leucine zipper factors (bZIP);Group A
AHL12;A.T hook factors;AHL
AHL20;A.T hook factors;AHL
AHL25;A.T hook factors;AHL
NAC025;GCM domain factors;NAC
NAC046;GCM domain factors;NAC
NAC055;GCM domain factors;NAC
NAC058;GCM domain factors;NAC
NAC079;GCM domain factors;NAC
AP1;MADS box factors;Type II
ABF2;Basic leucine zipper factors (bZIP);Group A
ARF1;B3;ARF
ARF5;B3;ARF
ARF8;B3;ARF
ARR1;Tryptophan cluster factors;GARP_ARR-B
ARR11;Tryptophan cluster factors;GARP_ARR-B
ARR14;Tryptophan cluster factors;GARP_ARR-B
ARR18;Tryptophan cluster factors;GARP_ARR-B
ARR2;Tryptophan cluster factors;GARP_ARR-B
ATHB-12;Homeo domain factors;HD-ZIP
ATHB-16;Homeo domain factors;HD-ZIP
ATHB-51;Homeo domain factors;HD-ZIP
ATHB-6;Homeo domain factors;HD-ZIP
ATHB-7;Homeo domain factors;HD-ZIP
POPTR_0002s00440g;C3H(C),C2HC zinc-fingers like factors;SBP
BEE2;Basic helix-loop-helix factors (bHLH);bHLH
BHLH3;Basic helix-loop-helix factors (bHLH);bHLH
BHLH13;Basic helix-loop-helix factors (bHLH);bHLH
AIB;Basic helix-loop-helix factors (bHLH);bHLH
BHLH104;Basic helix-loop-helix factors (bHLH);bHLH
BHLH112;Basic helix-loop-helix factors (bHLH);bHLH
BHLH34;Basic helix-loop-helix factors (bHLH);bHLH
bHLH78;Basic helix-loop-helix factors (bHLH);bHLH
BIM1;Basic helix-loop-helix factors (bHLH);bHLH
BIM2;Basic helix-loop-helix factors (bHLH);bHLH
BIM3;Basic helix-loop-helix factors (bHLH);bHLH
BZIP60;Basic leucine zipper factors (bZIP);Group K
BZIP68;Basic leucine zipper factors (bZIP);Group G
CAMTA2;GCM domain factors;CAMTA
CAMTA3;GCM domain factors;CAMTA
DREB1A;AP2/EREBP;ERF/DREB
CCA1;Tryptophan cluster factors;MYB-related
CDF2;Other C4 zinc finger-type factors;DOF
CDF3;Other C4 zinc finger-type factors;DOF
CRF2;AP2/EREBP;ERF/DREB
CRF4;AP2/EREBP;ERF/DREB
DOF2.5;Other C4 zinc finger-type factors;DOF
DREB1E;AP2/EREBP;ERF/DREB
RAP2-10;AP2/EREBP;ERF/DREB
DOF1.8;Other C4 zinc finger-type factors;DOF
DOF2.4;Other C4 zinc finger-type factors;DOF
DOF5.6;Other C4 zinc finger-type factors;DOF
DOF5.7;Other C4 zinc finger-type factors;DOF
DREB2C;AP2/EREBP;ERF/DREB
PHYPADRAFT_140773;Other C4 zinc finger-type factors;DOF
PHYPADRAFT_143875;Basic helix-loop-helix factors (bHLH);bHLH
PHYPADRAFT_153324;Other C4 zinc finger-type factors;DOF
HDG11;Homeo domain factors;HD-ZIP
ERF4;AP2/EREBP;ERF/DREB
ERF7;AP2/EREBP;ERF/DREB
ERF8;AP2/EREBP;ERF/DREB
ERF039;AP2/EREBP;ERF/DREB
ERF069;AP2/EREBP;ERF/DREB
ERF096;AP2/EREBP;ERF/DREB
ERF105;AP2/EREBP;ERF/DREB
ERF11;AP2/EREBP;ERF/DREB
ERF076;AP2/EREBP;ERF/DREB
ERF13;AP2/EREBP;ERF/DREB
ERF3;AP2/EREBP;ERF/DREB
ERF082;AP2/EREBP;ERF/DREB
PHYPADRAFT_173530;AP2/EREBP;ERF/DREB
PHYPADRAFT_182268;AP2/EREBP;ERF/DREB
ARF3;B3;ARF
PHYPADRAFT_64121;AP2/EREBP;ERF/DREB
PHYPADRAFT_72483;Basic helix-loop-helix factors (bHLH);bHLH
AGL27;MADS box factors;Type II
GATA10;Other C4 zinc finger-type factors;C4-GATA-related
GATA11;Other C4 zinc finger-type factors;C4-GATA-related
GATA12;Other C4 zinc finger-type factors;C4-GATA-related
GATA15;Other C4 zinc finger-type factors;C4-GATA-related
GATA8;Other C4 zinc finger-type factors;C4-GATA-related
GATA9;Other C4 zinc finger-type factors;C4-GATA-related
GT-1;Tryptophan cluster factors;Trihelix
PHYPADRAFT_48267;Basic helix-loop-helix factors (bHLH);bHLH
PHYPADRAFT_38837;Other C4 zinc finger-type factors;DOF
PHYPADRAFT_28324;AP2/EREBP;ERF/DREB
HAT1;Homeo domain factors;HD-ZIP
HBI1;Basic helix-loop-helix factors (bHLH);bHLH
ATHB-15;Homeo domain factors;HD-ZIP
KAN1;Tryptophan cluster factors;GARP_G2-like
KAN4;Tryptophan cluster factors;GARP_G2-like
P0510F09.23;Tryptophan cluster factors;MYB
DREB1G;AP2/EREBP;ERF/DREB
OJ1058_F05.8;Basic leucine zipper factors (bZIP);Group A
Os05g0497200;AP2/EREBP;ERF/DREB
MYB111;Tryptophan cluster factors;MYB
MYB24;Tryptophan cluster factors;MYB
MYB3;Tryptophan cluster factors;MYB
MYB4;Tryptophan cluster factors;MYB
MYB46;Tryptophan cluster factors;MYB
MYB55;Tryptophan cluster factors;MYB
MYB59;Tryptophan cluster factors;MYB
NAC083;GCM domain factors;NAC
NAC92;GCM domain factors;NAC
NAC043;GCM domain factors;NAC
NTL9;GCM domain factors;NAC
TGA5;Basic leucine zipper factors (bZIP);Group D
ERF094;AP2/EREBP;ERF/DREB
RAP2-3;AP2/EREBP;ERF/DREB
ERF109;AP2/EREBP;ERF/DREB
SPL1;C3H(C),C2HC zinc-fingers like factors;SBP
SPL11;C3H(C),C2HC zinc-fingers like factors;SBP
SPL12;C3H(C),C2HC zinc-fingers like factors;SBP
SPL4;C3H(C),C2HC zinc-fingers like factors;SBP
SPL5;C3H(C),C2HC zinc-fingers like factors;SBP
SPL7;C3H(C),C2HC zinc-fingers like factors;SBP
SPT;Basic helix-loop-helix factors (bHLH);bHLH
TGA2;Basic leucine zipper factors (bZIP);Group D
TGA6;Basic leucine zipper factors (bZIP);Group D
TGA7;Basic leucine zipper factors (bZIP);Group D
DOF5.3;Other C4 zinc finger-type factors;DOF
UNE10;Basic helix-loop-helix factors (bHLH);bHLH
WRKY12;GCM domain factors;WRKY
WRKY15;GCM domain factors;WRKY
WRKY18;GCM domain factors;WRKY
WRKY2;GCM domain factors;WRKY
WRKY21;GCM domain factors;WRKY
WRKY23;GCM domain factors;WRKY
WRKY25;GCM domain factors;WRKY
WRKY30;GCM domain factors;WRKY
WRKY38;GCM domain factors;WRKY
WRKY40;GCM domain factors;WRKY
WRKY43;GCM domain factors;WRKY
WRKY45;GCM domain factors;WRKY
WRKY48;GCM domain factors;WRKY
WRKY57;GCM domain factors;WRKY
WRKY60;GCM domain factors;WRKY
WRKY62;GCM domain factors;WRKY
WRKY63;GCM domain factors;WRKY
WRKY75;GCM domain factors;WRKY
WRKY8;GCM domain factors;WRKY
JKD;C2H2 zinc finger factors;IDD
NUC;C2H2 zinc finger factors;IDD
MGP;C2H2 zinc finger factors;IDD
SGR5;C2H2 zinc finger factors;IDD
IDD6;C2H2 zinc finger factors;IDD
PHL11;Tryptophan cluster factors;GARP_G2-like
HHO5;Tryptophan cluster factors;GARP_G2-like
HHO6;Tryptophan cluster factors;GARP_G2-like
PHL12;Tryptophan cluster factors;GARP_G2-like
EFM;Tryptophan cluster factors;GARP_G2-like
MYR2;Tryptophan cluster factors;GARP_G2-like
MYB105;Tryptophan cluster factors;MYB
MYB118;Tryptophan cluster factors;MYB
MYB52;Tryptophan cluster factors;MYB
MYB3R5;Tryptophan cluster factors;MYB
MYB101;Tryptophan cluster factors;MYB
MYB56;Tryptophan cluster factors;MYB
MYB81;Tryptophan cluster factors;MYB
MYB119;Tryptophan cluster factors;MYB
MYB65;Tryptophan cluster factors;MYB
MYB3R1;Tryptophan cluster factors;MYB
MYB1;Tryptophan cluster factors;MYB
MYB3R4;Tryptophan cluster factors;MYB
MYB113;Tryptophan cluster factors;MYB
RVE8;Tryptophan cluster factors;MYB-related
RVE6;Tryptophan cluster factors;MYB-related
RVE1;Tryptophan cluster factors;MYB-related
LHY;Tryptophan cluster factors;MYB-related
YAB4;Tryptophan cluster factors;MYB-related
RVE4;Tryptophan cluster factors;MYB-related
At3g11280;Tryptophan cluster factors;MYB-related
AT5G61620;Tryptophan cluster factors;MYB-related
RVE5;Tryptophan cluster factors;MYB-related
RVE7L;Tryptophan cluster factors;MYB-related
DIV1;Tryptophan cluster factors;MYB-related
AT2G38090;Tryptophan cluster factors;MYB-related
AT3G10580;Tryptophan cluster factors;MYB-related
AT5G56840;Tryptophan cluster factors;MYB-related
AT5G05790;Tryptophan cluster factors;MYB-related
CAMTA1;GCM domain factors;CAMTA
HAT2;Homeo domain factors;HD-ZIP
AGL16;MADS box factors;Type II
AGL63;MADS box factors;Type II
AGL13;MADS box factors;Type II
AGL6;MADS box factors;Type II
ARF2;B3;ARF
GT-2;Tryptophan cluster factors;Trihelix
ATHB-20;Homeo domain factors;HD-ZIP
HAT22;Homeo domain factors;HD-ZIP
ATHB-X;Homeo domain factors;HD-ZIP
ATHB-13;Homeo domain factors;HD-ZIP
ATHB-21;Homeo domain factors;PLINC
ZHD3;Homeo domain factors;PLINC
ATHB-40;Homeo domain factors;HD-ZIP
ATHB-53;Homeo domain factors;HD-ZIP
DREB1D;AP2/EREBP;ERF/DREB
ERF011;AP2/EREBP;ERF/DREB
TINY;AP2/EREBP;ERF/DREB
RAP2-6;AP2/EREBP;ERF/DREB
ERF014;AP2/EREBP;ERF/DREB
ERF035;AP2/EREBP;ERF/DREB
ERF5;AP2/EREBP;ERF/DREB
DREB2G;AP2/EREBP;ERF/DREB
ERF027;AP2/EREBP;ERF/DREB
ERF091;AP2/EREBP;ERF/DREB
ERF034;AP2/EREBP;ERF/DREB
ERF037;AP2/EREBP;ERF/DREB
ERF15;AP2/EREBP;ERF/DREB
ERF054;AP2/EREBP;ERF/DREB
ERF021;AP2/EREBP;ERF/DREB
ERF017;AP2/EREBP;ERF/DREB
AIL7;AP2/EREBP;AP2
ERF038;AP2/EREBP;ERF/DREB
ERF104;AP2/EREBP;ERF/DREB
ERF10;AP2/EREBP;ERF/DREB
ERF077;AP2/EREBP;ERF/DREB
ERF043;AP2/EREBP;ERF/DREB
DREB2F;AP2/EREBP;ERF/DREB
DREB2E;AP2/EREBP;ERF/DREB
ABR1;AP2/EREBP;ERF/DREB
ERF112;AP2/EREBP;ERF/DREB
LEP;AP2/EREBP;ERF/DREB
ERF087;AP2/EREBP;ERF/DREB
ERF012;AP2/EREBP;ERF/DREB
DREB2D;AP2/EREBP;ERF/DREB
RAP2-9;AP2/EREBP;ERF/DREB
ERF086;AP2/EREBP;ERF/DREB
ERF036;AP2/EREBP;ERF/DREB
RAP2-12;AP2/EREBP;ERF/DREB
ERF9;AP2/EREBP;ERF/DREB
DREB2A;AP2/EREBP;ERF/DREB
ERF023;AP2/EREBP;ERF/DREB
ERF013;AP2/EREBP;ERF/DREB
ERF122;AP2/EREBP;ERF/DREB
ERF2;AP2/EREBP;ERF/DREB
ERF055;AP2/EREBP;ERF/DREB
ERF095;AP2/EREBP;ERF/DREB
ERF015;AP2/EREBP;ERF/DREB
RAP2-11;AP2/EREBP;ERF/DREB
DOF5.8;Other C4 zinc finger-type factors;DOF
CDF5;Other C4 zinc finger-type factors;DOF
DOF4.5;Other C4 zinc finger-type factors;DOF
DOF3.2;Other C4 zinc finger-type factors;DOF
DOF2.2;Other C4 zinc finger-type factors;DOF
DOF4.2;Other C4 zinc finger-type factors;DOF
DOF3.6;Other C4 zinc finger-type factors;DOF
DOF1.6;Other C4 zinc finger-type factors;DOF
DOF3.5;Other C4 zinc finger-type factors;DOF
DOF1.7;Other C4 zinc finger-type factors;DOF
DOF3.4;Other C4 zinc finger-type factors;DOF
DOF1.5;Other C4 zinc finger-type factors;DOF
DOF5.4;Other C4 zinc finger-type factors;DOF
DOF5.1;Other C4 zinc finger-type factors;DOF
MYB27;Tryptophan cluster factors;MYB
MYB57;Tryptophan cluster factors;MYB
MYB62;Tryptophan cluster factors;MYB
WRKY20;GCM domain factors;WRKY
WRKY46;GCM domain factors;WRKY
WRKY26;GCM domain factors;WRKY
WRKY29;GCM domain factors;WRKY
WRKY17;GCM domain factors;WRKY
WRKY6;GCM domain factors;WRKY
WRKY33;GCM domain factors;WRKY
WRKY65;GCM domain factors;WRKY
WRKY22;GCM domain factors;WRKY
WRKY59;GCM domain factors;WRKY
WRKY55;GCM domain factors;WRKY
WRKY11;GCM domain factors;WRKY
WRKY31;GCM domain factors;WRKY
WRKY70;GCM domain factors;WRKY
WRKY3;GCM domain factors;WRKY
WRKY42;GCM domain factors;WRKY
WRKY28;GCM domain factors;WRKY
WRKY47;GCM domain factors;WRKY
WRKY7;GCM domain factors;WRKY
WRKY14;GCM domain factors;WRKY
WRKY24;GCM domain factors;WRKY
WRKY71;GCM domain factors;WRKY
WRKY50;GCM domain factors;WRKY
WRKY27;GCM domain factors;WRKY
SPL15;C3H(C),C2HC zinc-fingers like factors;SBP
SPL13A;C3H(C),C2HC zinc-fingers like factors;SBP
SPL9;C3H(C),C2HC zinc-fingers like factors;SBP
GATA19;Other C4 zinc finger-type factors;C4-GATA-related
GATA20;Other C4 zinc finger-type factors;C4-GATA-related
GATA14;Other C4 zinc finger-type factors;C4-GATA-related
ZHD5;Homeo domain factors;PLINC
ATHB-23;Homeo domain factors;HD-ZIP
ZHD9;Homeo domain factors;PLINC
ZHD1;Homeo domain factors;PLINC
ZHD6;Homeo domain factors;PLINC
BEH4;Basic helix-loop-helix factors (bHLH);BES/BZR
BEH2;Basic helix-loop-helix factors (bHLH);BES/BZR
BEH3;Basic helix-loop-helix factors (bHLH);BES/BZR
BZIP11;Basic leucine zipper factors (bZIP);Group S
TGA4;Basic leucine zipper factors (bZIP);Group D
TGA3;Basic leucine zipper factors (bZIP);Group D
BZIP44;Basic leucine zipper factors (bZIP);Group S
DPBF3;Basic leucine zipper factors (bZIP);Group A
BZIP43;Basic leucine zipper factors (bZIP);Group S
BZIP3;Basic leucine zipper factors (bZIP);Group S
BZIP53;Basic leucine zipper factors (bZIP);Group S
BZIP52;Basic leucine zipper factors (bZIP);Group I
BZIP28;Basic leucine zipper factors (bZIP);Group B
BZIP48;Basic leucine zipper factors (bZIP);Group S
TGA10;Basic leucine zipper factors (bZIP);Group D
TGA9;Basic leucine zipper factors (bZIP);Group D
BZIP16;Basic leucine zipper factors (bZIP);Group G
BZIP42;Basic leucine zipper factors (bZIP);Group S
GBF3;Basic leucine zipper factors (bZIP);Group G
TRP1;Tryptophan cluster factors;MYB-related
AT1G72740;Tryptophan cluster factors;MYB-related
AT4G12670;Tryptophan cluster factors;MYB-related
TRB2;Tryptophan cluster factors;MYB-related
TRP2;Tryptophan cluster factors;MYB-related
bHLH80;Basic helix-loop-helix factors (bHLH);bHLH
bHLH130;Basic helix-loop-helix factors (bHLH);bHLH
BPE;Basic helix-loop-helix factors (bHLH);bHLH
bHLH74;Basic helix-loop-helix factors (bHLH);bHLH
bHLH18;Basic helix-loop-helix factors (bHLH);bHLH
bHLH77;Basic helix-loop-helix factors (bHLH);bHLH
LRL2;Basic helix-loop-helix factors (bHLH);bHLH
BHLH72;Basic helix-loop-helix factors (bHLH);bHLH
AT5G47660;Tryptophan cluster factors;Trihelix
DF1;Tryptophan cluster factors;Trihelix
GT-4;Tryptophan cluster factors;Trihelix
HDG1;Homeo domain factors;HD-ZIP
IDD5;C2H2 zinc finger factors;IDD
IDD4;C2H2 zinc finger factors;IDD
ZAT10;C2H2 zinc finger factors;C2H2
GAF1;C2H2 zinc finger factors;IDD
IDD7;C2H2 zinc finger factors;IDD
ANL2;Homeo domain factors;HD-ZIP
DEAR3;AP2/EREBP;ERF/DREB
PLT1;AP2/EREBP;AP2
AIL6;AP2/EREBP;AP2
AT3G46070;C2H2 zinc finger factors;C2H2
FAR1;GCM domain factors;FRS/FRF
KAN2;Tryptophan cluster factors;GARP_G2-like
PHL7;Tryptophan cluster factors;GARP_G2-like
AT2G40260;Tryptophan cluster factors;GARP_G2-like
HHO3;Tryptophan cluster factors;GARP_G2-like
HRS1;Tryptophan cluster factors;GARP_G2-like
PHL2;Tryptophan cluster factors;GARP_G2-like
PHL1;Tryptophan cluster factors;GARP_G2-like
HHO2;Tryptophan cluster factors;GARP_G2-like
MYB33;Tryptophan cluster factors;MYB
MYB98;Tryptophan cluster factors;MYB
MYB70;Tryptophan cluster factors;MYB
MYB73;Tryptophan cluster factors;MYB
GATA6;Other C4 zinc finger-type factors;C4-GATA-related
AT1G74840;Tryptophan cluster factors;MYB-related
KUA1;Tryptophan cluster factors;MYB-related
AT1G19000;Tryptophan cluster factors;MYB-related
RVE7;Tryptophan cluster factors;MYB-related
SIZF2;C2H2 zinc finger factors;C2H2
ATHB-4;Homeo domain factors;HD-ZIP
FaEOBII;Tryptophan cluster factors;MYB-related
OsRR22;Tryptophan cluster factors;GARP_ARR-B
TSAR1;Basic helix-loop-helix factors (bHLH);bHLH
TSAR2;Basic helix-loop-helix factors (bHLH);bHLH
E2FA;Fork head/winged helix factors;E2F
REF6;C2H2 zinc finger factors;Jumonji
RAMOSA1;C2H2 zinc finger factors;C2H2
O2;Basic leucine zipper factors (bZIP);Group C
ERF019;AP2/EREBP;ERF/DREB
HYH;Basic leucine zipper factors (bZIP);Group H
NAC028;GCM domain factors;NAC
ABF4;Basic leucine zipper factors (bZIP);Group A
NAC013;GCM domain factors;NAC
GTL1;Tryptophan cluster factors;Trihelix
AT3G10030;Tryptophan cluster factors;Trihelix
NAC050;GCM domain factors;NAC
HSFA6B;Heat shock factors;HSF
HSFB2A;Heat shock factors;HSF
HSFB2B;Heat shock factors;HSF
HSFC1;Heat shock factors;HSF
DREB1B;AP2/EREBP;ERF/DREB
DREB1C;AP2/EREBP;ERF/DREB
ERF118;AP2/EREBP;ERF/DREB
GBF2;Basic leucine zipper factors (bZIP);Group G
LBD18;Other C4 zinc finger-type factors;LBD
NAC017;GCM domain factors;NAC
NAC029;GCM domain factors;NAC
NAC062;GCM domain factors;NAC
NAC078;GCM domain factors;NAC
NTL8;GCM domain factors;NAC
RAP2-1;AP2/EREBP;ERF/DREB
ARF10;B3;ARF
ARF13;B3;ARF
ARF14;B3;ARF
ARF16;B3;ARF
ARF18;B3;ARF
ARF25;B3;ARF
ARF27;B3;ARF
ARF29;B3;ARF
ARF34;B3;ARF
ARF35;B3;ARF
ARF36;B3;ARF
ARF39;B3;ARF
ARF4;B3;ARF
ARF7;B3;ARF
AT1G14600;Tryptophan cluster factors;GARP_G2-like
E2FD;Fork head/winged helix factors;E2F
AT1G19040;GCM domain factors;NAC
AT2G38300;Tryptophan cluster factors;GARP_G2-like
AT5G04390;C2H2 zinc finger factors;C2H2
AT5G05090;Tryptophan cluster factors;GARP_G2-like
ATMYB31;Tryptophan cluster factors;MYB
BHLH122;Basic helix-loop-helix factors (bHLH);bHLH
BHLH49;Basic helix-loop-helix factors (bHLH);bHLH
BRN2;GCM domain factors;NAC
BZIP18;Basic leucine zipper factors (bZIP);Group I
BIZP18;Basic leucine zipper factors (bZIP);Group I
BZIP2;Basic leucine zipper factors (bZIP);Group S
BZIP30;Basic leucine zipper factors (bZIP);Group I
BZIP63;Basic leucine zipper factors (bZIP);Group C
BZIP69;Basic leucine zipper factors (bZIP);Group I
DOF4.3;Other C4 zinc finger-type factors;DOF
DREB1F;AP2/EREBP;ERF/DREB
E2FC;Fork head/winged helix factors;E2F
E2FE;Fork head/winged helix factors;E2F
ERF025;AP2/EREBP;ERF/DREB
ERF057;AP2/EREBP;ERF/DREB
ERF073;AP2/EREBP;ERF/DREB
GATA4;Other C4 zinc finger-type factors;C4-GATA-related
GRF9;C3H zinc finger factors;GRF
HDG7;Homeo domain factors;HD-ZIP
HSFA1E;Heat shock factors;HSF
HSFA4A;Heat shock factors;HSF
HSFA6A;Heat shock factors;HSF
HSFB3;Heat shock factors;HSF
MYB10;Tryptophan cluster factors;MYB
MYB116;Tryptophan cluster factors;MYB
MYB121;Tryptophan cluster factors;MYB
MYB17;Tryptophan cluster factors;MYB
MYB23;Tryptophan cluster factors;MYB
MYB30;Tryptophan cluster factors;MYB
MYB39;Tryptophan cluster factors;MYB
MYB40;Tryptophan cluster factors;MYB
MYB41;Tryptophan cluster factors;MYB
MYB43;Tryptophan cluster factors;MYB
MYB51;Tryptophan cluster factors;MYB
MYB60;Tryptophan cluster factors;MYB
MYB61;Tryptophan cluster factors;MYB
MYB67;Tryptophan cluster factors;MYB
MYB74;Tryptophan cluster factors;MYB
MYB80;Tryptophan cluster factors;MYB
MYB83;Tryptophan cluster factors;MYB
MYB92;Tryptophan cluster factors;MYB
MYB94;Tryptophan cluster factors;MYB
NAC005;GCM domain factors;NAC
NAC011;GCM domain factors;NAC
NAC018;GCM domain factors;NAC
NAC019;GCM domain factors;NAC
NAC047;GCM domain factors;NAC
NAC054;GCM domain factors;NAC
NAC071;GCM domain factors;NAC
NAC073;GCM domain factors;NAC
NAC087;GCM domain factors;NAC
NAC098;GCM domain factors;NAC
NID1;Tryptophan cluster factors;MYB-related
RAP2-4;AP2/EREBP;ERF/DREB
RAV2;B3;RAV
SPL10;C3H(C),C2HC zinc-fingers like factors;SBP
TEM1;B3;RAV
TREE1;C2H2 zinc finger factors;C2H2
TRP5;Tryptophan cluster factors;MYB-related
VIP1;Basic leucine zipper factors (bZIP);Group I
WIN1;AP2/EREBP;ERF/DREB
WRKY53;GCM domain factors;WRKY
ZHD10;Homeo domain factors;PLINC
GLYMA-06G314400;Basic leucine zipper factors (bZIP);group A
GLYMA-07G038400;C3H zinc finger factors;GRF
GLYMA-08G357600;B3;LAV
GLYMA-13G317000;Basic leucine zipper factors (bZIP);bZIP
ASR1;Tryptophan cluster factors;MYB-related
RIN;MADS box factors;Type II
O11;Basic helix-loop-helix factors (bHLH);bHLH
Zm00001d020267;AP2/EREBP;ERF/DREB
Zm00001d052229;AP2/EREBP;ERF/DREB
Zm00001d005892;AP2/EREBP;ERF/DREB
Zm00001d024324;AP2/EREBP;ERF/DREB
Zm00001d020595;AP2/EREBP;ERF/DREB
Zm00001d027846;Other C4 zinc finger-type factors;DOF
Zm00001d005692;Homeo domain factors;HD-ZIP
Zm00001d044409;Tryptophan cluster factors;MYB-related
Zm00001d035604;Tryptophan cluster factors;MYB
Zm00001d015407;Tryptophan cluster factors;GARP_G2-like
Zm00001d031796;AP2/EREBP;ERF/DREB
Zm00001d002364;AP2/EREBP;ERF/DREB
Zm00001d049364;AP2/EREBP;ERF/DREB
Zm00001d034298;Basic helix-loop-helix factors (bHLH);bHLH
TFLG2-Zm00001d042777;Basic leucine zipper factors (bZIP);Group D
NAC016;GCM domain factors;NAC
NAC020;GCM domain factors;NAC
MYB107;Tryptophan cluster factors;MYB
MYB99;Tryptophan cluster factors;MYB
NAC010;GCM domain factors;NAC
SMB;GCM domain factors;NAC
ERF010;AP2/EREBP;ERF/DREB
ERF115;AP2/EREBP;ERF/DREB
BAM8;Basic helix-loop-helix factors (bHLH);BES/BZR
NAC002;GCM domain factors;NAC
GRF6;C3H zinc finger factors;GRF
JUB1;GCM domain factors;NAC
NAC69;GCM domain factors;NAC
HSFA1B;Heat shock factors;HSF
HSFB4;Heat shock factors;HSF
LBD13;Other C4 zinc finger-type factors;LBD
LOB;Other C4 zinc finger-type factors;LBD
PHL4;Tryptophan cluster factors;GARP_G2-like
MYB63;Tryptophan cluster factors;MYB
MYB93;Tryptophan cluster factors;MYB
MYB108;Tryptophan cluster factors;MYB
MYB44;Tryptophan cluster factors;MYB
MYB49;Tryptophan cluster factors;MYB
MYB88;Tryptophan cluster factors;MYB
MYB96;Tryptophan cluster factors;MYB
AT5G04760;Tryptophan cluster factors;MYB-related
TRB1;Tryptophan cluster factors;MYB-related
NAC038;GCM domain factors;NAC
NAC057;GCM domain factors;NAC
NAC075;GCM domain factors;NAC
NAC076;GCM domain factors;NAC
NAC096;GCM domain factors;NAC
NAC103;GCM domain factors;NAC
ASIL2;Tryptophan cluster factors;Trihelix
AT5G05550;Tryptophan cluster factors;Trihelix
ENAP2;Tryptophan cluster factors;Trihelix
MYB13;Tryptophan cluster factors;MYB
MYB58;Tryptophan cluster factors;MYB
NAC004;GCM domain factors;NAC
NAC007;GCM domain factors;NAC
NAC031;GCM domain factors;NAC
NAC035;GCM domain factors;NAC
NAC037;GCM domain factors;NAC
NAC045;GCM domain factors;NAC
NAC053;GCM domain factors;NAC
NAC101;GCM domain factors;NAC
NAC68;GCM domain factors;NAC
ZAT6;C2H2 zinc finger factors;C2H2
NAC105;GCM domain factors;NAC
PK00315.1;Basic leucine zipper factors (bZIP);Group I
PK01144.1;Other C4 zinc finger-type factors;DOF
PK01630.1;Basic helix-loop-helix factors (bHLH);bHLH
PK03929.1;Other C4 zinc finger-type factors;DOF
PK05432.1;GCM domain factors;WRKY
PK05451.1;Basic helix-loop-helix factors (bHLH);bHLH
PK06517.1;Basic helix-loop-helix factors (bHLH);bHLH
PK07031.1;Other C4 zinc finger-type factors;DOF
PK07858.1;Basic helix-loop-helix factors (bHLH);bHLH
PK09021.1;Basic leucine zipper factors (bZIP);Group D
PK09702.1;Basic helix-loop-helix factors (bHLH);bHLH
PK10955.1;Other C4 zinc finger-type factors;DOF
PK15337.1;Other C4 zinc finger-type factors;DOF
PK15505.1;Basic helix-loop-helix factors (bHLH);bHLH
PK16335.1;Basic leucine zipper factors (bZIP);Group D
PK16340.1;Other C4 zinc finger-type factors;DOF
PK17878.1;AP2/EREBP;ERF/DREB
PK18009.1;Basic leucine zipper factors (bZIP);Group A
PK18401.1;Basic helix-loop-helix factors (bHLH);bHLH
PK18474.1;Basic helix-loop-helix factors (bHLH);bHLH
PK19363.1;AP2/EREBP;ERF/DREB
PK20225.1;Basic helix-loop-helix factors (bHLH);bHLH
PK20317.1;Other C4 zinc finger-type factors;DOF
PK20392.1;Homeo domain factors;HD-ZIP
PK21166.1;Tryptophan cluster factors;MYB
PK23009.1;Other C4 zinc finger-type factors;DOF
PK23763.1;Other C4 zinc finger-type factors;DOF
PK23964.1;Basic leucine zipper factors (bZIP);Group G
PK24205.1;Basic leucine zipper factors (bZIP);Group A
PK24580.1;AP2/EREBP;ERF/DREB
PK25870.1;GCM domain factors;WRKY
PK26523.1;Tryptophan cluster factors;GARP_G2-like
PK27109.1;Basic leucine zipper factors (bZIP);Group I
PK27149.1;Basic leucine zipper factors (bZIP);Group S
AT4G09450;Tryptophan cluster factors;MYB-related
IDD11;C2H2 zinc finger factors;IDD
GLYMA-13G317000;Basic leucine zipper factors (bZIP);Group A
Zm00001d024644;Tryptophan cluster factors;MYB-related
URI;Basic helix-loop-helix factors (bHLH);bHLH
MYB3R3;Tryptophan cluster factors;MYB
REV;Homeo domain factors;HD-ZIP
OS02G0104500;Tryptophan cluster factors;Trihelix
OS04G0486400;Tryptophan cluster factors;Trihelix
OsCCA1;Tryptophan cluster factors;MYB-related
OsFBH1;Basic helix-loop-helix factors (bHLH);bHLH
OsEIL3;Other all-alpha-helical DNA-binding domains;EIL
PK02532.1;Tryptophan cluster factors;MYB-related
PK06182.1;Tryptophan cluster factors;MYB
PK06791.1;C3H(C),C2HC zinc-fingers like factors;SBP
PK20555.1;Other C4 zinc finger-type factors;DOF
PK21687.1;Tryptophan cluster factors;MYB-related
PK22320.1;C3H(C),C2HC zinc-fingers like factors;SBP
PK23829.1;Tryptophan cluster factors;MYB-related
PK28565.1;Tryptophan cluster factors;MYB
PRUPE_ppa000682mg;C3H(C),C2HC zinc-fingers like factors;SBP
VIT_17s0000g10420;Tryptophan cluster factors;Trihelix
VOZ2;GCM domain factors;VOZ
WIP5;C2H2 zinc finger factors;C2H2
WRKY51;GCM domain factors;WRKY
MYB31;Tryptophan cluster factors;MYB
AHL13;A.T hook factors;AHL
BMY2;Basic helix-loop-helix factors (bHLH);BES/BZR
CAMTA5;GCM domain factors;CAMTA
CRF3;AP2/EREBP;ERF/DREB
DOF3.1;Other C4 zinc finger-type factors;DOF
DOF4.7;Other C4 zinc finger-type factors;DOF
e_gw1.170.52.1;Other C4 zinc finger-type factors;DOF
e_gw1.209.40.1;Basic helix-loop-helix factors (bHLH);bHLH
e_gw1.392.16.1;Other C4 zinc finger-type factors;DOF
estExt_Genewise1.C_2060077;Basic leucine zipper factors (bZIP);bZIP
estExt_gwp_gw1.C_550163;AP2/EREBP;ERF/DREB
NAC094;GCM domain factors;NAC
GATA1;Other C4 zinc finger-type factors;C4-GATA-related
Lg3;Homeo domain factors;TALE-type HD
GRMZM2G135447;Homeo domain factors;TALE-type HD
PpDof6;Other C4 zinc finger-type factors;DOF
PHYPA_011264;AP2/EREBP;ERF/DREB
IDD1;C2H2 zinc finger factors;IDD
AS2;Other C4 zinc finger-type factors;LBD
OsERF104;AP2/EREBP;ERF/DREB
DVH24_040989;Tryptophan cluster factors;Trihelix
OsTRBF3;Tryptophan cluster factors;MYB-related
OsMSL08;Tryptophan cluster factors;Trihelix
PK03576.1;Basic helix-loop-helix factors (bHLH);bHLH
PK24978.1;Basic leucine zipper factors (bZIP);Group A
ZmbZIP25;Basic leucine zipper factors (bZIP);D
ZmbZIP54;Basic leucine zipper factors (bZIP);S
ZmbZIP57;Basic leucine zipper factors (bZIP);S
ZmbZIP72;Basic leucine zipper factors (bZIP);S
ZmbZIP96;Basic leucine zipper factors (bZIP);D
EREB127;AP2/EREBP;ERF/DREB
EREB138;AP2/EREBP;ERF/DREB
EREB29;AP2/EREBP;ERF/DREB
EREB71;AP2/EREBP;ERF/DREB
IG1;Other C4 zinc finger-type factors;LBD
UB3;C3H(C),C2HC zinc-fingers like factors;SBP
SBP6;C3H(C),C2HC zinc-fingers like factors;SBP
SBP8;C3H(C),C2HC zinc-fingers like factors;SBP
OsbZIP42;Basic leucine zipper factors (bZIP);Group A
OsbZIP69;Basic leucine zipper factors (bZIP);Group A
OsbZIP77;Basic leucine zipper factors (bZIP);Group A
SPL11A;C3H(C),C2HC zinc-fingers like factors;SBP
SPL11B;C3H(C),C2HC zinc-fingers like factors;SBP
SPL12B;C3H(C),C2HC zinc-fingers like factors;SBP
SPL13B;C3H(C),C2HC zinc-fingers like factors;SBP
SPL13D;C3H(C),C2HC zinc-fingers like factors;SBP
SPL14B;C3H(C),C2HC zinc-fingers like factors;SBP
SPL15A;C3H(C),C2HC zinc-fingers like factors;SBP
SPL15D;C3H(C),C2HC zinc-fingers like factors;SBP
SPL16A;C3H(C),C2HC zinc-fingers like factors;SBP
SPL16D;C3H(C),C2HC zinc-fingers like factors;SBP
SPL18A;C3H(C),C2HC zinc-fingers like factors;SBP
SPL19B;C3H(C),C2HC zinc-fingers like factors;SBP
SPL1D;C3H(C),C2HC zinc-fingers like factors;SBP
SPL2A;C3H(C),C2HC zinc-fingers like factors;SBP
SPL2B;C3H(C),C2HC zinc-fingers like factors;SBP
SPL3A;C3H(C),C2HC zinc-fingers like factors;SBP
SPL3B;C3H(C),C2HC zinc-fingers like factors;SBP
SPL3D;C3H(C),C2HC zinc-fingers like factors;SBP
SPL4A;C3H(C),C2HC zinc-fingers like factors;SBP
SPL4D;C3H(C),C2HC zinc-fingers like factors;SBP
SPL5A;C3H(C),C2HC zinc-fingers like factors;SBP
SPL5D;C3H(C),C2HC zinc-fingers like factors;SBP
SPL6A;C3H(C),C2HC zinc-fingers like factors;SBP
SPL7A;C3H(C),C2HC zinc-fingers like factors;SBP
SPL7B;C3H(C),C2HC zinc-fingers like factors;SBP
SPL8A;C3H(C),C2HC zinc-fingers like factors;SBP
SPL8B;C3H(C),C2HC zinc-fingers like factors;SBP
SPL8D1;C3H(C),C2HC zinc-fingers like factors;SBP
SPL9D;C3H(C),C2HC zinc-fingers like factors;SBP
EDF3;B3;RAV
MGH6.1;GCM domain factors;NAC
WOX13;Homeo domain factors;WOX
SPCH;Basic helix-loop-helix factors (bHLH);bHLH
AT3G12910;GCM domain factors;NAC
HB88;Homeo domain factors;WOX
HMGB10;Homeo domain factors;ARID
HOX6;Homeo domain factors;HD-ZIP
KNAT7;Homeo domain factors;TALE-type HD
NGA4;B3;RAV
GLYMA-04G093300;Homeo domain factors;PLINC
PK12011.1;Tryptophan cluster factors;MYB
PK20543.1;Tryptophan cluster factors;Trihelix
LSH1;HC3 zinc ribbon factors;ALOG
bZIP59;Basic leucine zipper factors (bZIP);bZIP
dof22;Other C4 zinc finger-type factors;DOF
mybr26;Tryptophan cluster factors;MYB-related
mybr43;Tryptophan cluster factors;MYB-related
glk53;Tryptophan cluster factors;GARP_G2-like
ereb172;AP2/EREBP;ERF/DREB
ereb97;AP2/EREBP;ERF/DREB
ereb209;AP2/EREBP;ERF/DREB
ereb147;AP2/EREBP;ERF/DREB
ereb34;AP2/EREBP;ERF/DREB
ereb198;AP2/EREBP;ERF/DREB
ereb109;AP2/EREBP;ERF/DREB
ereb17;AP2/EREBP;ERF/DREB
ereb54;AP2/EREBP;ERF/DREB
ereb102;AP2/EREBP;ERF/DREB
ereb18;AP2/EREBP;ERF/DREB
g2;Tryptophan cluster factors;GARP_G2-like
glk25;Tryptophan cluster factors;GARP_G2-like
hb34;Homeo domain factors;HD-ZIP
hb66;Homeo domain factors;HD-ZIP
myb37;Tryptophan cluster factors;MYB
mybr17;Tryptophan cluster factors;MYB-related
bzip40;Basic leucine zipper factors (bZIP);Group S
bzip9;Basic leucine zipper factors (bZIP);Group S
EIN3;EIL;EIL
FUL;MADS box factors;Type II
FUL::AG;MADS box factors;Type II
FUL::AG::SEP3;MADS box factors;Type II
FUL::SEP3;MADS box factors;Type II
FUL::SOC1;MADS box factors;Type II
GLYMA-19G062000;Tryptophan cluster factors;MYB
GLYMA-01G038600;Tryptophan cluster factors;MYB-related
GLYMA-10G230700;Tryptophan cluster factors;MYB-related
SNAC23;GCM domain factors;NAC
GLYMA-14G030700;GCM domain factors;NAC
GLYMA-16G042900;GCM domain factors;NAC
GLYMA-11G083900;C3H(C),C2HC zinc-fingers like factors;SBP
GLYMA-12G226000;C3H(C),C2HC zinc-fingers like factors;SBP
GLYMA-19G146000;C3H(C),C2HC zinc-fingers like factors;SBP
GLYMA-08G271900;Basic helix-loop-helix domain factors (bHLH);bHLH
GLYMA-01G053800;GCM domain factors;WRKY
GLYMA-03G042700;GCM domain factors;WRKY
GLYMA-05G127600;GCM domain factors;WRKY
GLYMA-08G218600;GCM domain factors;WRKY
GLYMA-14G006800;GCM domain factors;WRKY
GLYMA-14G028900;GCM domain factors;WRKY
GLYMA-19G094100;GCM domain factors;WRKY
GLYMA-08G281200;Homeo domain factors;PLINC
GLYMA-12G168700;Homeo domain factors;PLINC
GLYMA-03G081700;Basic leucine zipper factors (bZIP);bZIP
GLYMA-13G153200;Basic leucine zipper factors (bZIP);group A
GLYMA-03G162700;AP2/EREBP;ERF/DREB
GLYMA-11G053600;AP2/EREBP;ERF/DREB
GLYMA-12G117000;AP2/EREBP;ERF/DREB
GLYMA-13G236500;AP2/EREBP;ERF/DREB
GLYMA-20G155100;AP2/EREBP;ERF/DREB
GLYMA-04G231400;Homeo domain factors;HD-ZIP
GLYMA-15G168800;Homeo domain factors;HD-ZIP
GLYMA-19G100900;B3;LAV
GLYMA-01G233000;Heat shock factors;HSF
GLYMA-15G086400;Heat shock factors;HSF
SlDof4;Other C4 zinc finger-type factors;DOF
SolycHsfA2;Heat shock factors;HSF
SolycHsfB1;Heat shock factors;HSF
SolycHsfB2b;Heat shock factors;HSF
SlDof14;Other C4 zinc finger-type factors;DOF
APETALA2a;AP2/EREBP;AP2
Solyc03g124110;AP2/EREBP;ERF/DREB
dreb3;AP2/EREBP;ERF/DREB
Sl-ERF_A_3;AP2/EREBP;ERF/DREB
lat61;Basic helix-loop-helix factors (bHLH);BES/BZR
nacnor;GCM domain factors;NAC
Sl-ERF_C_6;AP2/EREBP;ERF/DREB
Sl-ERF_F_2;AP2/EREBP;ERF/DREB
Solyc06g060230;GCM domain factors;NAC
SlWRKY6;GCM domain factors;WRKY
SlWRKY41;GCM domain factors;WRKY
SolycHsfA7;Heat shock factors;HSF
SolycHsfC1;Heat shock factors;HSF
vahox1;Homeo domain factors;HD-ZIP
Solyc01g079480;Basic leucine zipper factors (bZIP);Group S
sep3;MADS box factors;MIKC
Sl-ERF_C_4;AP2/EREBP;ERF/DREB
Sl-ERF_F_4;AP2/EREBP;ERF/DREB
Sl-ERF_F_5;AP2/EREBP;ERF/DREB
SlbHLH014;Basic helix-loop-helix factors (bHLH);bHLH
la3;Basic helix-loop-helix factors (bHLH);bHLH
;;
;;
;;
;;
;;
;;
;;
;;
;;
;;
;;
;;
;;
;;
;;
;;
;;
;;
;;
;;
;;
;;
;;
;;
;;
;;
;;
;;
;;
;;
;;
;;
;;
;;
;;
;;
;;
;;
;;
;;
;;
;;
;;
;;
;;
;;
;;
;;
;;
;;
;;
;;
;;
;;
;;
;;
;;
;;
;;
;;
;;
;;
;;
;;
;;
;;
;;
;;
;;
;;
;;
;;
;;
;;
;;
;;
;;
;;
;;
;;
;;
;;
;;
;;
;;
;;
;;
;;
;;
;;
;;
;;
;;
;;
;;
;;
;;
;;
;;
;;
;;
;;
;;
;;
;;
;;
;;
;;
;;
;;
;;
;;
;;
;;
;;
;;
;;
;;
;;
;;
;;
;;
;;
;;
;;
;;
;;
;;
;;
;;
;;
;;
;;
;;
;;
;;
;;
;;
;;
;;
;;
;;
;;
;;
;;
;;
;;
;;
;;
;;
;;
;;
;;
;;
;;
;;
;;
;;
;;
;;
;;
;;
;;
;;
;;
;;
;;
;;
;;
;;
;;
;;
;;
;;
;;
;;
;;
;;
;;
;;
;;
;;
;;
;;
;;
;;
;;
;;
;;
;;
;;
;;
;;
;;
;;
;;
;;
;;
;;
;;
;;
;;
;;
;;
;;
;;
;;
;;
;;
;;
;;
;;
;;
;;
;;
;;
;;
;;
;;
;;
;;
;;
;;
;;
;;
;;
;;
;;
;;
;;
;;
;;
;;
;;
;;
;;
;;
;;
;;
;;
;;
;;
;;
;;
;;
;;
;;
;;
;;
;;
;;
;;
;;
;;
;;
;;
;;
;;
;;
;;
;;
;;
;;
;;
;;
;;
;;
;;
;;
;;
;;
;;
;;
;;
;;
;;
;;
;;
;;
;;
;;
;;
;;
;;
;;
;;
;;
;;
;;
;;
;;
;;
;;
;;
;;
;;
;;
;;
;;
;;
;;
;;
;;
;;
;;
;;
;;
;;
;;
;;
;;
;;
;;
;;
;;
;;
;;
;;
;;
;;
;;
;;
;;
;;
;;
;;
;;
;;
;;
;;
;;
;;
;;
;;
;;
;;
;;
;;
;;
;;
;;
;;
;;
;;
;;
;;
;;
;;
;;
;;
;;
;;
;;
;;
;;
;;
;;
;;
;;
;;
;;
;;
;;
;;
;;
;;
;;
;;
;;
;;
;;
;;
;;
;;
;;
;;
;;
;;
;;
;;
;;
;;
;;
;;
;;
;;
;;
;;
;;
;;
;;
;;
;;
;;
;;
;;
;;
;;
;;
;;
;;
;;
;;
;;
;;
;;
;;
;;
;;
;;
;;
;;
;;
;;
;;
;;
;;
;;
;;
;;
;;
;;
;;
;;
;;
;;
;;
;;
;;
;;
;;
;;
;;
;;
;;
;;
;;
;;
;;
;;
;;
;;
;;
;;
;;
;;
;;
;;
;;
;;
;;
;;
;;
;;
;;
;;
;;
;;
;;
;;
;;
;;
;;
;;
;;
;;
;;
;;
;;
;;
;;
;;
;;
;;
;;
;;
;;
;;
;;
;;
;;
;;
;;
;;
;;
;;
;;
;;
;;
;;
;;
;;
;;
;;
;;
;;
;;
;;
;;
;;
;;
;;
;;
;;
;;
;;
;;
;;
;;
;;
;;
;;
;;
;;
;;
;;
;;
;;
;;
;;
;;
;;
;;
;;
;;
;;
;;
;;
;;
;;
;;
;;
;;
;;
;;
;;
;;
;;
;;
;;
;;
;;
;;
;;
;;
;;
;;
;;
;;
;;
;;
;;
;;
;;
;;
;;
;;
;;
;;
;;
;;
;;
;;
;;
;;
;;
;;
